622	high	high	5more	2	small	med	unacc
954	med	vhigh	5more	4	small	low	unacc
463	high	vhigh	3	2	med	med	unacc
1302	low	vhigh	2	2	big	low	unacc
1214	med	low	2	more	big	high	vgood
759	high	low	2	2	med	low	unacc
1248	med	low	4	2	big	low	unacc
1090	med	med	2	4	small	med	acc
1039	med	high	4	4	med	med	acc
1069	med	high	5more	4	big	med	acc
837	high	low	5more	2	small	low	unacc
261	vhigh	med	3	more	small	low	unacc
842	high	low	5more	2	med	high	unacc
1319	low	vhigh	2	more	med	high	acc
1667	low	low	3	more	small	high	good
1272	med	low	5more	2	med	low	unacc
422	vhigh	low	5more	4	big	high	acc
906	med	vhigh	3	4	big	low	unacc
1146	med	med	4	4	med	low	unacc
1649	low	low	3	2	small	high	unacc
160	vhigh	high	3	more	big	med	unacc
1666	low	low	3	more	small	med	acc
502	high	vhigh	4	4	big	med	unacc
114	vhigh	high	2	2	big	low	unacc
972	med	high	2	2	small	low	unacc
1134	med	med	4	2	small	low	unacc
136	vhigh	high	3	2	small	med	unacc
1674	low	low	4	2	small	low	unacc
864	med	vhigh	2	2	small	low	unacc
1441	low	high	3	4	small	med	acc
630	high	high	5more	4	small	low	unacc
748	high	med	5more	more	small	med	unacc
1604	low	med	5more	4	small	high	good
165	vhigh	high	4	2	med	low	unacc
1708	low	low	5more	2	big	med	unacc
1268	med	low	4	more	big	high	vgood
1590	low	med	4	more	big	low	unacc
266	vhigh	med	3	more	med	high	acc
510	high	vhigh	4	more	big	low	unacc
1175	med	med	5more	4	med	high	vgood
357	vhigh	low	3	2	big	low	unacc
195	vhigh	high	5more	2	big	low	unacc
1305	low	vhigh	2	4	small	low	unacc
1009	med	high	3	4	small	med	unacc
115	vhigh	high	2	2	big	med	unacc
406	vhigh	low	5more	2	small	med	unacc
661	high	med	2	4	med	med	unacc
1472	low	high	4	4	med	high	vgood
569	high	high	3	2	small	high	unacc
791	high	low	3	2	big	high	unacc
780	high	low	2	more	big	low	unacc
1091	med	med	2	4	small	high	acc
212	vhigh	high	5more	more	med	high	unacc
154	vhigh	high	3	more	small	med	unacc
1390	low	vhigh	5more	4	med	med	acc
139	vhigh	high	3	2	med	med	unacc
1097	med	med	2	4	big	high	vgood
790	high	low	3	2	big	med	unacc
1108	med	med	3	2	small	med	unacc
415	vhigh	low	5more	4	small	med	unacc
631	high	high	5more	4	small	med	unacc
1529	low	med	2	4	big	high	vgood
857	high	low	5more	more	small	high	acc
219	vhigh	med	2	2	med	low	unacc
138	vhigh	high	3	2	med	low	unacc
427	vhigh	low	5more	more	med	med	acc
50	vhigh	vhigh	3	more	med	high	unacc
276	vhigh	med	4	2	big	low	unacc
1037	med	high	4	4	small	high	acc
934	med	vhigh	4	4	big	med	acc
1015	med	high	3	4	big	med	acc
1543	low	med	3	2	med	med	unacc
672	high	med	2	more	big	low	unacc
876	med	vhigh	2	4	med	low	unacc
1629	low	low	2	4	small	low	unacc
1182	med	med	5more	more	med	low	unacc
241	vhigh	med	2	more	big	med	acc
101	vhigh	vhigh	5more	more	small	high	unacc
1149	med	med	4	4	big	low	unacc
1694	low	low	4	more	small	high	good
734	high	med	5more	2	med	high	unacc
520	high	vhigh	5more	2	big	med	unacc
809	high	low	3	more	big	high	acc
1060	med	high	5more	2	big	med	unacc
927	med	vhigh	4	4	small	low	unacc
70	vhigh	vhigh	4	4	big	med	unacc
893	med	vhigh	3	2	small	high	unacc
274	vhigh	med	4	2	med	med	unacc
1393	low	vhigh	5more	4	big	med	acc
450	high	vhigh	2	more	small	low	unacc
456	high	vhigh	2	more	big	low	unacc
13	vhigh	vhigh	2	4	med	med	unacc
1427	low	high	2	more	med	high	acc
1063	med	high	5more	4	small	med	unacc
659	high	med	2	4	small	high	acc
936	med	vhigh	4	more	small	low	unacc
1403	low	vhigh	5more	more	big	high	acc
1225	med	low	3	4	small	med	acc
785	high	low	3	2	small	high	unacc
801	high	low	3	more	small	low	unacc
964	med	vhigh	5more	more	small	med	unacc
806	high	low	3	more	med	high	acc
1052	med	high	4	more	big	high	acc
1333	low	vhigh	3	4	small	med	unacc
158	vhigh	high	3	more	med	high	unacc
674	high	med	2	more	big	high	acc
966	med	vhigh	5more	more	med	low	unacc
498	high	vhigh	4	4	med	low	unacc
61	vhigh	vhigh	4	2	big	med	unacc
730	high	med	5more	2	small	med	unacc
310	vhigh	med	5more	4	med	med	acc
1389	low	vhigh	5more	4	med	low	unacc
1006	med	high	3	2	big	med	unacc
380	vhigh	low	4	2	small	high	unacc
1727	low	low	5more	more	big	high	vgood
386	vhigh	low	4	2	big	high	unacc
1270	med	low	5more	2	small	med	unacc
524	high	vhigh	5more	4	small	high	unacc
1176	med	med	5more	4	big	low	unacc
892	med	vhigh	3	2	small	med	unacc
1673	low	low	3	more	big	high	vgood
1454	low	high	3	more	med	high	vgood
572	high	high	3	2	med	high	unacc
374	vhigh	low	3	more	med	high	acc
1658	low	low	3	4	small	high	good
933	med	vhigh	4	4	big	low	unacc
1455	low	high	3	more	big	low	unacc
489	high	vhigh	4	2	med	low	unacc
1258	med	low	4	4	big	med	good
822	high	low	4	4	med	low	unacc
1106	med	med	2	more	big	high	vgood
1232	med	low	3	4	big	high	vgood
443	high	vhigh	2	4	small	high	unacc
890	med	vhigh	2	more	big	high	acc
1412	low	high	2	2	big	high	unacc
433	high	vhigh	2	2	small	med	unacc
1066	med	high	5more	4	med	med	acc
929	med	vhigh	4	4	small	high	acc
977	med	high	2	2	med	high	unacc
471	high	vhigh	3	4	med	low	unacc
202	vhigh	high	5more	4	med	med	unacc
678	high	med	3	2	med	low	unacc
2	vhigh	vhigh	2	2	small	high	unacc
221	vhigh	med	2	2	med	high	unacc
1655	low	low	3	2	big	high	unacc
1252	med	low	4	4	small	med	acc
438	high	vhigh	2	2	big	low	unacc
636	high	high	5more	4	big	low	unacc
1110	med	med	3	2	med	low	unacc
1216	med	low	3	2	small	med	unacc
1537	low	med	2	more	big	med	good
529	high	vhigh	5more	4	big	med	unacc
587	high	high	3	more	small	high	acc
1043	med	high	4	4	big	high	acc
1566	low	med	4	2	small	low	unacc
1256	med	low	4	4	med	high	vgood
729	high	med	5more	2	small	low	unacc
137	vhigh	high	3	2	small	high	unacc
128	vhigh	high	2	more	small	high	unacc
42	vhigh	vhigh	3	4	big	low	unacc
796	high	low	3	4	med	med	unacc
1001	med	high	3	2	small	high	unacc
334	vhigh	low	2	4	small	med	unacc
557	high	high	2	4	big	high	acc
898	med	vhigh	3	2	big	med	unacc
319	vhigh	med	5more	more	med	med	acc
554	high	high	2	4	med	high	acc
508	high	vhigh	4	more	med	med	unacc
1574	low	med	4	2	big	high	unacc
85	vhigh	vhigh	5more	2	med	med	unacc
1056	med	high	5more	2	med	low	unacc
1686	low	low	4	4	med	low	unacc
292	vhigh	med	4	more	med	med	acc
1278	med	low	5more	4	small	low	unacc
1520	low	med	2	2	big	high	unacc
1532	low	med	2	more	small	high	unacc
1546	low	med	3	2	big	med	unacc
523	high	vhigh	5more	4	small	med	unacc
925	med	vhigh	4	2	big	med	unacc
1334	low	vhigh	3	4	small	high	acc
1569	low	med	4	2	med	low	unacc
1350	low	vhigh	4	2	small	low	unacc
611	high	high	4	4	big	high	acc
65	vhigh	vhigh	4	4	small	high	unacc
928	med	vhigh	4	4	small	med	unacc
973	med	high	2	2	small	med	unacc
483	high	vhigh	3	more	big	low	unacc
226	vhigh	med	2	4	small	med	unacc
240	vhigh	med	2	more	big	low	unacc
1644	low	low	2	more	big	low	unacc
515	high	vhigh	5more	2	small	high	unacc
1204	med	low	2	4	big	med	good
447	high	vhigh	2	4	big	low	unacc
1314	low	vhigh	2	more	small	low	unacc
10	vhigh	vhigh	2	4	small	med	unacc
1109	med	med	3	2	small	high	unacc
552	high	high	2	4	med	low	unacc
354	vhigh	low	3	2	med	low	unacc
1642	low	low	2	more	med	med	acc
349	vhigh	low	2	more	big	med	acc
1608	low	med	5more	4	big	low	unacc
267	vhigh	med	3	more	big	low	unacc
333	vhigh	low	2	4	small	low	unacc
1375	low	vhigh	4	more	big	med	acc
47	vhigh	vhigh	3	more	small	high	unacc
337	vhigh	low	2	4	med	med	unacc
887	med	vhigh	2	more	med	high	acc
223	vhigh	med	2	2	big	med	unacc
911	med	vhigh	3	more	small	high	acc
721	high	med	4	more	small	med	unacc
1287	med	low	5more	more	small	low	unacc
210	vhigh	high	5more	more	med	low	unacc
665	high	med	2	4	big	high	acc
1391	low	vhigh	5more	4	med	high	acc
51	vhigh	vhigh	3	more	big	low	unacc
1585	low	med	4	more	small	med	acc
457	high	vhigh	2	more	big	med	unacc
449	high	vhigh	2	4	big	high	unacc
1363	low	vhigh	4	4	med	med	acc
25	vhigh	vhigh	2	more	big	med	unacc
891	med	vhigh	3	2	small	low	unacc
985	med	high	2	4	med	med	unacc
823	high	low	4	4	med	med	acc
1587	low	med	4	more	med	low	unacc
1698	low	low	4	more	big	low	unacc
1017	med	high	3	more	small	low	unacc
1654	low	low	3	2	big	med	unacc
371	vhigh	low	3	more	small	high	acc
1691	low	low	4	4	big	high	vgood
935	med	vhigh	4	4	big	high	acc
356	vhigh	low	3	2	med	high	unacc
1382	low	vhigh	5more	2	med	high	unacc
238	vhigh	med	2	more	med	med	unacc
1158	med	med	4	more	big	low	unacc
779	high	low	2	more	med	high	acc
305	vhigh	med	5more	2	big	high	unacc
1568	low	med	4	2	small	high	unacc
282	vhigh	med	4	4	med	low	unacc
1452	low	high	3	more	med	low	unacc
1284	med	low	5more	4	big	low	unacc
1205	med	low	2	4	big	high	vgood
536	high	vhigh	5more	more	med	high	unacc
156	vhigh	high	3	more	med	low	unacc
370	vhigh	low	3	more	small	med	unacc
941	med	vhigh	4	more	med	high	acc
1468	low	high	4	4	small	med	acc
1316	low	vhigh	2	more	small	high	unacc
688	high	med	3	4	med	med	unacc
1115	med	med	3	2	big	high	unacc
1671	low	low	3	more	big	low	unacc
184	vhigh	high	4	more	med	med	unacc
991	med	high	2	more	small	med	unacc
1473	low	high	4	4	big	low	unacc
504	high	vhigh	4	more	small	low	unacc
421	vhigh	low	5more	4	big	med	acc
1448	low	high	3	4	big	high	vgood
60	vhigh	vhigh	4	2	big	low	unacc
1539	low	med	3	2	small	low	unacc
1681	low	low	4	2	big	med	unacc
454	high	vhigh	2	more	med	med	unacc
271	vhigh	med	4	2	small	med	unacc
921	med	vhigh	4	2	med	low	unacc
1034	med	high	4	2	big	high	unacc
385	vhigh	low	4	2	big	med	unacc
1035	med	high	4	4	small	low	unacc
1395	low	vhigh	5more	more	small	low	unacc
1003	med	high	3	2	med	med	unacc
1464	low	high	4	2	big	low	unacc
1632	low	low	2	4	med	low	unacc
207	vhigh	high	5more	more	small	low	unacc
736	high	med	5more	2	big	med	unacc
343	vhigh	low	2	more	small	med	unacc
1062	med	high	5more	4	small	low	unacc
1230	med	low	3	4	big	low	unacc
1058	med	high	5more	2	med	high	unacc
677	high	med	3	2	small	high	unacc
1028	med	high	4	2	small	high	unacc
1533	low	med	2	more	med	low	unacc
1174	med	med	5more	4	med	med	acc
429	vhigh	low	5more	more	big	low	unacc
1410	low	high	2	2	big	low	unacc
1588	low	med	4	more	med	med	good
739	high	med	5more	4	small	med	unacc
1300	low	vhigh	2	2	med	med	unacc
535	high	vhigh	5more	more	med	med	unacc
1703	low	low	5more	2	small	high	unacc
299	vhigh	med	5more	2	small	high	unacc
1128	med	med	3	more	med	low	unacc
1709	low	low	5more	2	big	high	unacc
1678	low	low	4	2	med	med	unacc
67	vhigh	vhigh	4	4	med	med	unacc
627	high	high	5more	2	big	low	unacc
417	vhigh	low	5more	4	med	low	unacc
556	high	high	2	4	big	med	acc
1068	med	high	5more	4	big	low	unacc
1380	low	vhigh	5more	2	med	low	unacc
1610	low	med	5more	4	big	high	vgood
1310	low	vhigh	2	4	med	high	acc
187	vhigh	high	4	more	big	med	unacc
182	vhigh	high	4	more	small	high	unacc
1613	low	med	5more	more	small	high	good
781	high	low	2	more	big	med	acc
623	high	high	5more	2	small	high	unacc
1235	med	low	3	more	small	high	good
1093	med	med	2	4	med	med	acc
718	high	med	4	4	big	med	acc
1328	low	vhigh	3	2	med	high	unacc
166	vhigh	high	4	2	med	med	unacc
851	high	low	5more	4	med	high	acc
513	high	vhigh	5more	2	small	low	unacc
1712	low	low	5more	4	small	high	good
839	high	low	5more	2	small	high	unacc
968	med	vhigh	5more	more	med	high	acc
1123	med	med	3	4	big	med	acc
1475	low	high	4	4	big	high	vgood
1408	low	high	2	2	med	med	unacc
896	med	vhigh	3	2	med	high	unacc
111	vhigh	high	2	2	med	low	unacc
100	vhigh	vhigh	5more	more	small	med	unacc
501	high	vhigh	4	4	big	low	unacc
1436	low	high	3	2	med	high	unacc
683	high	med	3	2	big	high	unacc
1112	med	med	3	2	med	high	unacc
604	high	high	4	4	small	med	unacc
243	vhigh	med	3	2	small	low	unacc
957	med	vhigh	5more	4	med	low	unacc
836	high	low	4	more	big	high	acc
1413	low	high	2	4	small	low	unacc
1457	low	high	3	more	big	high	vgood
124	vhigh	high	2	4	big	med	unacc
1591	low	med	4	more	big	med	good
1639	low	low	2	more	small	med	unacc
1635	low	low	2	4	big	low	unacc
97	vhigh	vhigh	5more	4	big	med	unacc
440	high	vhigh	2	2	big	high	unacc
381	vhigh	low	4	2	med	low	unacc
1151	med	med	4	4	big	high	vgood
306	vhigh	med	5more	4	small	low	unacc
1044	med	high	4	more	small	low	unacc
1246	med	low	4	2	med	med	unacc
654	high	med	2	2	big	low	unacc
652	high	med	2	2	med	med	unacc
576	high	high	3	4	small	low	unacc
1497	low	high	5more	4	med	low	unacc
206	vhigh	high	5more	4	big	high	unacc
416	vhigh	low	5more	4	small	high	acc
758	high	low	2	2	small	high	unacc
567	high	high	3	2	small	low	unacc
764	high	low	2	2	big	high	unacc
1362	low	vhigh	4	4	med	low	unacc
464	high	vhigh	3	2	med	high	unacc
228	vhigh	med	2	4	med	low	unacc
1223	med	low	3	2	big	high	unacc
119	vhigh	high	2	4	small	high	unacc
643	high	high	5more	more	med	med	acc
530	high	vhigh	5more	4	big	high	unacc
436	high	vhigh	2	2	med	med	unacc
413	vhigh	low	5more	2	big	high	unacc
1492	low	high	5more	2	big	med	unacc
540	high	high	2	2	small	low	unacc
1581	low	med	4	4	big	low	unacc
1024	med	high	3	more	big	med	acc
1509	low	high	5more	more	big	low	unacc
1120	med	med	3	4	med	med	acc
918	med	vhigh	4	2	small	low	unacc
873	med	vhigh	2	4	small	low	unacc
9	vhigh	vhigh	2	4	small	low	unacc
344	vhigh	low	2	more	small	high	unacc
1298	low	vhigh	2	2	small	high	unacc
28	vhigh	vhigh	3	2	small	med	unacc
1609	low	med	5more	4	big	med	good
1167	med	med	5more	2	big	low	unacc
519	high	vhigh	5more	2	big	low	unacc
1172	med	med	5more	4	small	high	acc
1222	med	low	3	2	big	med	unacc
768	high	low	2	4	med	low	unacc
976	med	high	2	2	med	med	unacc
772	high	low	2	4	big	med	acc
1195	med	low	2	2	big	med	unacc
1687	low	low	4	4	med	med	good
1131	med	med	3	more	big	low	unacc
1414	low	high	2	4	small	med	acc
130	vhigh	high	2	more	med	med	unacc
290	vhigh	med	4	more	small	high	acc
558	high	high	2	more	small	low	unacc
676	high	med	3	2	small	med	unacc
199	vhigh	high	5more	4	small	med	unacc
1274	med	low	5more	2	med	high	unacc
7	vhigh	vhigh	2	2	big	med	unacc
1101	med	med	2	more	med	low	unacc
669	high	med	2	more	med	low	unacc
516	high	vhigh	5more	2	med	low	unacc
744	high	med	5more	4	big	low	unacc
1231	med	low	3	4	big	med	good
312	vhigh	med	5more	4	big	low	unacc
926	med	vhigh	4	2	big	high	unacc
497	high	vhigh	4	4	small	high	unacc
1104	med	med	2	more	big	low	unacc
568	high	high	3	2	small	med	unacc
1121	med	med	3	4	med	high	acc
1502	low	high	5more	4	big	high	vgood
341	vhigh	low	2	4	big	high	acc
446	high	vhigh	2	4	med	high	unacc
1143	med	med	4	4	small	low	unacc
770	high	low	2	4	med	high	acc
1402	low	vhigh	5more	more	big	med	acc
320	vhigh	med	5more	more	med	high	acc
1159	med	med	4	more	big	med	acc
1521	low	med	2	4	small	low	unacc
224	vhigh	med	2	2	big	high	unacc
1559	low	med	3	more	small	high	good
327	vhigh	low	2	2	med	low	unacc
1680	low	low	4	2	big	low	unacc
1119	med	med	3	4	med	low	unacc
461	high	vhigh	3	2	small	high	unacc
1064	med	high	5more	4	small	high	acc
346	vhigh	low	2	more	med	med	unacc
762	high	low	2	2	big	low	unacc
635	high	high	5more	4	med	high	acc
1261	med	low	4	more	small	med	acc
819	high	low	4	4	small	low	unacc
106	vhigh	vhigh	5more	more	big	med	unacc
336	vhigh	low	2	4	med	low	unacc
900	med	vhigh	3	4	small	low	unacc
932	med	vhigh	4	4	med	high	acc
505	high	vhigh	4	more	small	med	unacc
183	vhigh	high	4	more	med	low	unacc
1234	med	low	3	more	small	med	acc
57	vhigh	vhigh	4	2	med	low	unacc
377	vhigh	low	3	more	big	high	acc
129	vhigh	high	2	more	med	low	unacc
905	med	vhigh	3	4	med	high	acc
637	high	high	5more	4	big	med	acc
1367	low	vhigh	4	4	big	high	acc
399	vhigh	low	4	more	med	low	unacc
1255	med	low	4	4	med	med	good
1144	med	med	4	4	small	med	acc
675	high	med	3	2	small	low	unacc
1351	low	vhigh	4	2	small	med	unacc
477	high	vhigh	3	more	small	low	unacc
1460	low	high	4	2	small	high	unacc
500	high	vhigh	4	4	med	high	unacc
961	med	vhigh	5more	4	big	med	acc
379	vhigh	low	4	2	small	med	unacc
1251	med	low	4	4	small	low	unacc
68	vhigh	vhigh	4	4	med	high	unacc
347	vhigh	low	2	more	med	high	acc
444	high	vhigh	2	4	med	low	unacc
953	med	vhigh	5more	2	big	high	unacc
1016	med	high	3	4	big	high	acc
1347	low	vhigh	3	more	big	low	unacc
804	high	low	3	more	med	low	unacc
27	vhigh	vhigh	3	2	small	low	unacc
1659	low	low	3	4	med	low	unacc
466	high	vhigh	3	2	big	med	unacc
629	high	high	5more	2	big	high	unacc
177	vhigh	high	4	4	big	low	unacc
1185	med	med	5more	more	big	low	unacc
1557	low	med	3	more	small	low	unacc
397	vhigh	low	4	more	small	med	unacc
227	vhigh	med	2	4	small	high	acc
931	med	vhigh	4	4	med	med	acc
1580	low	med	4	4	med	high	vgood
1434	low	high	3	2	med	low	unacc
1379	low	vhigh	5more	2	small	high	unacc
1373	low	vhigh	4	more	med	high	acc
1641	low	low	2	more	med	low	unacc
789	high	low	3	2	big	low	unacc
549	high	high	2	4	small	low	unacc
840	high	low	5more	2	med	low	unacc
1438	low	high	3	2	big	med	unacc
1449	low	high	3	more	small	low	unacc
1239	med	low	3	more	big	low	unacc
901	med	vhigh	3	4	small	med	unacc
14	vhigh	vhigh	2	4	med	high	unacc
1095	med	med	2	4	big	low	unacc
872	med	vhigh	2	2	big	high	unacc
1054	med	high	5more	2	small	med	unacc
1141	med	med	4	2	big	med	unacc
646	high	high	5more	more	big	med	acc
190	vhigh	high	5more	2	small	med	unacc
1564	low	med	3	more	big	med	good
284	vhigh	med	4	4	med	high	acc
714	high	med	4	4	med	low	unacc
828	high	low	4	more	small	low	unacc
121	vhigh	high	2	4	med	med	unacc
149	vhigh	high	3	4	med	high	unacc
1193	med	low	2	2	med	high	unacc
1650	low	low	3	2	med	low	unacc
1065	med	high	5more	4	med	low	unacc
396	vhigh	low	4	more	small	low	unacc
1598	low	med	5more	2	med	high	unacc
79	vhigh	vhigh	4	more	big	med	unacc
178	vhigh	high	4	4	big	med	unacc
1706	low	low	5more	2	med	high	unacc
798	high	low	3	4	big	low	unacc
1086	med	med	2	2	big	low	unacc
1179	med	med	5more	more	small	low	unacc
1527	low	med	2	4	big	low	unacc
1011	med	high	3	4	med	low	unacc
908	med	vhigh	3	4	big	high	acc
916	med	vhigh	3	more	big	med	acc
1212	med	low	2	more	big	low	unacc
248	vhigh	med	3	2	med	high	unacc
746	high	med	5more	4	big	high	acc
1548	low	med	3	4	small	low	unacc
532	high	vhigh	5more	more	small	med	unacc
1206	med	low	2	more	small	low	unacc
1550	low	med	3	4	small	high	good
318	vhigh	med	5more	more	med	low	unacc
1404	low	high	2	2	small	low	unacc
1578	low	med	4	4	med	low	unacc
1019	med	high	3	more	small	high	acc
868	med	vhigh	2	2	med	med	unacc
1699	low	low	4	more	big	med	good
390	vhigh	low	4	4	med	low	unacc
186	vhigh	high	4	more	big	low	unacc
1459	low	high	4	2	small	med	unacc
426	vhigh	low	5more	more	med	low	unacc
955	med	vhigh	5more	4	small	med	unacc
1299	low	vhigh	2	2	med	low	unacc
866	med	vhigh	2	2	small	high	unacc
560	high	high	2	more	small	high	unacc
1342	low	vhigh	3	more	small	med	unacc
1286	med	low	5more	4	big	high	vgood
960	med	vhigh	5more	4	big	low	unacc
1704	low	low	5more	2	med	low	unacc
699	high	med	3	more	big	low	unacc
574	high	high	3	2	big	med	unacc
617	high	high	4	more	med	high	acc
1023	med	high	3	more	big	low	unacc
76	vhigh	vhigh	4	more	med	med	unacc
1243	med	low	4	2	small	med	unacc
686	high	med	3	4	small	high	acc
608	high	high	4	4	med	high	acc
22	vhigh	vhigh	2	more	med	med	unacc
1324	low	vhigh	3	2	small	med	unacc
209	vhigh	high	5more	more	small	high	unacc
826	high	low	4	4	big	med	acc
1263	med	low	4	more	med	low	unacc
203	vhigh	high	5more	4	med	high	unacc
1510	low	high	5more	more	big	med	acc
394	vhigh	low	4	4	big	med	acc
1200	med	low	2	4	med	low	unacc
367	vhigh	low	3	4	big	med	acc
1042	med	high	4	4	big	med	acc
475	high	vhigh	3	4	big	med	unacc
410	vhigh	low	5more	2	med	high	unacc
246	vhigh	med	3	2	med	low	unacc
1640	low	low	2	more	small	high	unacc
668	high	med	2	more	small	high	unacc
459	high	vhigh	3	2	small	low	unacc
407	vhigh	low	5more	2	small	high	unacc
959	med	vhigh	5more	4	med	high	acc
870	med	vhigh	2	2	big	low	unacc
561	high	high	2	more	med	low	unacc
602	high	high	4	2	big	high	unacc
1308	low	vhigh	2	4	med	low	unacc
170	vhigh	high	4	2	big	high	unacc
999	med	high	3	2	small	low	unacc
126	vhigh	high	2	more	small	low	unacc
384	vhigh	low	4	2	big	low	unacc
131	vhigh	high	2	more	med	high	unacc
329	vhigh	low	2	2	med	high	unacc
423	vhigh	low	5more	more	small	low	unacc
949	med	vhigh	5more	2	med	med	unacc
488	high	vhigh	4	2	small	high	unacc
1356	low	vhigh	4	2	big	low	unacc
462	high	vhigh	3	2	med	low	unacc
978	med	high	2	2	big	low	unacc
511	high	vhigh	4	more	big	med	unacc
1184	med	med	5more	more	med	high	vgood
788	high	low	3	2	med	high	unacc
1051	med	high	4	more	big	med	acc
1424	low	high	2	more	small	high	unacc
1417	low	high	2	4	med	med	acc
1381	low	vhigh	5more	2	med	med	unacc
0	vhigh	vhigh	2	2	small	low	unacc
30	vhigh	vhigh	3	2	med	low	unacc
717	high	med	4	4	big	low	unacc
702	high	med	4	2	small	low	unacc
1677	low	low	4	2	med	low	unacc
904	med	vhigh	3	4	med	med	unacc
1083	med	med	2	2	med	low	unacc
838	high	low	5more	2	small	med	unacc
956	med	vhigh	5more	4	small	high	acc
1405	low	high	2	2	small	med	unacc
363	vhigh	low	3	4	med	low	unacc
1447	low	high	3	4	big	med	acc
974	med	high	2	2	small	high	unacc
1265	med	low	4	more	med	high	vgood
858	high	low	5more	more	med	low	unacc
903	med	vhigh	3	4	med	low	unacc
1394	low	vhigh	5more	4	big	high	acc
1508	low	high	5more	more	med	high	vgood
1636	low	low	2	4	big	med	good
71	vhigh	vhigh	4	4	big	high	unacc
924	med	vhigh	4	2	big	low	unacc
996	med	high	2	more	big	low	unacc
563	high	high	2	more	med	high	acc
1586	low	med	4	more	small	high	good
1602	low	med	5more	4	small	low	unacc
894	med	vhigh	3	2	med	low	unacc
102	vhigh	vhigh	5more	more	med	low	unacc
1545	low	med	3	2	big	low	unacc
1127	med	med	3	more	small	high	acc
1573	low	med	4	2	big	med	unacc
531	high	vhigh	5more	more	small	low	unacc
509	high	vhigh	4	more	med	high	unacc
767	high	low	2	4	small	high	acc
355	vhigh	low	3	2	med	med	unacc
275	vhigh	med	4	2	med	high	unacc
247	vhigh	med	3	2	med	med	unacc
494	high	vhigh	4	2	big	high	unacc
476	high	vhigh	3	4	big	high	unacc
1103	med	med	2	more	med	high	acc
179	vhigh	high	4	4	big	high	unacc
1582	low	med	4	4	big	med	good
1183	med	med	5more	more	med	med	acc
1160	med	med	4	more	big	high	vgood
565	high	high	2	more	big	med	acc
1570	low	med	4	2	med	med	unacc
1463	low	high	4	2	med	high	unacc
1346	low	vhigh	3	more	med	high	acc
358	vhigh	low	3	2	big	med	unacc
979	med	high	2	2	big	med	unacc
723	high	med	4	more	med	low	unacc
215	vhigh	high	5more	more	big	high	unacc
1525	low	med	2	4	med	med	acc
36	vhigh	vhigh	3	4	small	low	unacc
192	vhigh	high	5more	2	med	low	unacc
593	high	high	3	more	big	high	acc
997	med	high	2	more	big	med	acc
1675	low	low	4	2	small	med	unacc
73	vhigh	vhigh	4	more	small	med	unacc
1491	low	high	5more	2	big	low	unacc
777	high	low	2	more	med	low	unacc
486	high	vhigh	4	2	small	low	unacc
651	high	med	2	2	med	low	unacc
862	high	low	5more	more	big	med	acc
8	vhigh	vhigh	2	2	big	high	unacc
1513	low	med	2	2	small	med	unacc
11	vhigh	vhigh	2	4	small	high	unacc
1439	low	high	3	2	big	high	unacc
1323	low	vhigh	3	2	small	low	unacc
967	med	vhigh	5more	more	med	med	acc
1107	med	med	3	2	small	low	unacc
4	vhigh	vhigh	2	2	med	med	unacc
1369	low	vhigh	4	more	small	med	unacc
662	high	med	2	4	med	high	acc
107	vhigh	vhigh	5more	more	big	high	unacc
1322	low	vhigh	2	more	big	high	acc
1595	low	med	5more	2	small	high	unacc
142	vhigh	high	3	2	big	med	unacc
695	high	med	3	more	small	high	acc
1494	low	high	5more	4	small	low	unacc
1526	low	med	2	4	med	high	good
1523	low	med	2	4	small	high	good
1085	med	med	2	2	med	high	unacc
948	med	vhigh	5more	2	med	low	unacc
460	high	vhigh	3	2	small	med	unacc
775	high	low	2	more	small	med	unacc
897	med	vhigh	3	2	big	low	unacc
705	high	med	4	2	med	low	unacc
403	vhigh	low	4	more	big	med	acc
538	high	vhigh	5more	more	big	med	unacc
601	high	high	4	2	big	med	unacc
1612	low	med	5more	more	small	med	acc
1290	med	low	5more	more	med	low	unacc
280	vhigh	med	4	4	small	med	unacc
1281	med	low	5more	4	med	low	unacc
575	high	high	3	2	big	high	unacc
698	high	med	3	more	med	high	acc
1027	med	high	4	2	small	med	unacc
1181	med	med	5more	more	small	high	acc
1484	low	high	4	more	big	high	vgood
753	high	med	5more	more	big	low	unacc
1437	low	high	3	2	big	low	unacc
585	high	high	3	more	small	low	unacc
1341	low	vhigh	3	more	small	low	unacc
671	high	med	2	more	med	high	acc
1102	med	med	2	more	med	med	acc
315	vhigh	med	5more	more	small	low	unacc
1400	low	vhigh	5more	more	med	high	acc
1549	low	med	3	4	small	med	acc
647	high	high	5more	more	big	high	acc
765	high	low	2	4	small	low	unacc
474	high	vhigh	3	4	big	low	unacc
1504	low	high	5more	more	small	med	acc
829	high	low	4	more	small	med	unacc
39	vhigh	vhigh	3	4	med	low	unacc
362	vhigh	low	3	4	small	high	acc
658	high	med	2	4	small	med	unacc
188	vhigh	high	4	more	big	high	unacc
605	high	high	4	4	small	high	acc
982	med	high	2	4	small	med	unacc
1156	med	med	4	more	med	med	acc
1155	med	med	4	more	med	low	unacc
314	vhigh	med	5more	4	big	high	acc
120	vhigh	high	2	4	med	low	unacc
534	high	vhigh	5more	more	med	low	unacc
653	high	med	2	2	med	high	unacc
667	high	med	2	more	small	med	unacc
1499	low	high	5more	4	med	high	vgood
82	vhigh	vhigh	5more	2	small	med	unacc
1493	low	high	5more	2	big	high	unacc
784	high	low	3	2	small	med	unacc
815	high	low	4	2	med	high	unacc
752	high	med	5more	more	med	high	acc
539	high	vhigh	5more	more	big	high	unacc
1653	low	low	3	2	big	low	unacc
1312	low	vhigh	2	4	big	med	acc
62	vhigh	vhigh	4	2	big	high	unacc
1507	low	high	5more	more	med	med	acc
1600	low	med	5more	2	big	med	unacc
657	high	med	2	4	small	low	unacc
1628	low	low	2	2	big	high	unacc
1572	low	med	4	2	big	low	unacc
455	high	vhigh	2	more	med	high	unacc
1275	med	low	5more	2	big	low	unacc
1	vhigh	vhigh	2	2	small	med	unacc
148	vhigh	high	3	4	med	med	unacc
1219	med	low	3	2	med	med	unacc
655	high	med	2	2	big	med	unacc
1041	med	high	4	4	big	low	unacc
231	vhigh	med	2	4	big	low	unacc
832	high	low	4	more	med	med	acc
208	vhigh	high	5more	more	small	med	unacc
1471	low	high	4	4	med	med	acc
201	vhigh	high	5more	4	med	low	unacc
1078	med	high	5more	more	big	med	acc
1030	med	high	4	2	med	med	unacc
776	high	low	2	more	small	high	unacc
684	high	med	3	4	small	low	unacc
814	high	low	4	2	med	med	unacc
1315	low	vhigh	2	more	small	med	unacc
1002	med	high	3	2	med	low	unacc
564	high	high	2	more	big	low	unacc
863	high	low	5more	more	big	high	acc
1637	low	low	2	4	big	high	vgood
700	high	med	3	more	big	med	acc
1309	low	vhigh	2	4	med	med	unacc
1344	low	vhigh	3	more	med	low	unacc
232	vhigh	med	2	4	big	med	acc
254	vhigh	med	3	4	small	high	acc
989	med	high	2	4	big	high	acc
843	high	low	5more	2	big	low	unacc
1005	med	high	3	2	big	low	unacc
1516	low	med	2	2	med	med	unacc
1442	low	high	3	4	small	high	acc
1291	med	low	5more	more	med	med	good
174	vhigh	high	4	4	med	low	unacc
766	high	low	2	4	small	med	unacc
1047	med	high	4	more	med	low	unacc
1630	low	low	2	4	small	med	acc
1551	low	med	3	4	med	low	unacc
551	high	high	2	4	small	high	acc
1605	low	med	5more	4	med	low	unacc
1571	low	med	4	2	med	high	unacc
1021	med	high	3	more	med	med	acc
711	high	med	4	4	small	low	unacc
1657	low	low	3	4	small	med	acc
1536	low	med	2	more	big	low	unacc
256	vhigh	med	3	4	med	med	unacc
923	med	vhigh	4	2	med	high	unacc
1631	low	low	2	4	small	high	good
1032	med	high	4	2	big	low	unacc
732	high	med	5more	2	med	low	unacc
986	med	high	2	4	med	high	acc
1012	med	high	3	4	med	med	unacc
153	vhigh	high	3	more	small	low	unacc
514	high	vhigh	5more	2	small	med	unacc
1665	low	low	3	more	small	low	unacc
1596	low	med	5more	2	med	low	unacc
1293	med	low	5more	more	big	low	unacc
1556	low	med	3	4	big	high	vgood
1611	low	med	5more	more	small	low	unacc
1247	med	low	4	2	med	high	unacc
1008	med	high	3	4	small	low	unacc
472	high	vhigh	3	4	med	med	unacc
990	med	high	2	more	small	low	unacc
1360	low	vhigh	4	4	small	med	unacc
751	high	med	5more	more	med	med	acc
1388	low	vhigh	5more	4	small	high	acc
432	high	vhigh	2	2	small	low	unacc
113	vhigh	high	2	2	med	high	unacc
938	med	vhigh	4	more	small	high	acc
1125	med	med	3	more	small	low	unacc
1301	low	vhigh	2	2	med	high	unacc
1406	low	high	2	2	small	high	unacc
264	vhigh	med	3	more	med	low	unacc
1111	med	med	3	2	med	med	unacc
690	high	med	3	4	big	low	unacc
15	vhigh	vhigh	2	4	big	low	unacc
786	high	low	3	2	med	low	unacc
1486	low	high	5more	2	small	med	unacc
1541	low	med	3	2	small	high	unacc
1254	med	low	4	4	med	low	unacc
442	high	vhigh	2	4	small	med	unacc
21	vhigh	vhigh	2	more	med	low	unacc
1213	med	low	2	more	big	med	good
803	high	low	3	more	small	high	acc
995	med	high	2	more	med	high	acc
793	high	low	3	4	small	med	unacc
1338	low	vhigh	3	4	big	low	unacc
1138	med	med	4	2	med	med	unacc
1370	low	vhigh	4	more	small	high	acc
1142	med	med	4	2	big	high	unacc
45	vhigh	vhigh	3	more	small	low	unacc
716	high	med	4	4	med	high	acc
16	vhigh	vhigh	2	4	big	med	unacc
40	vhigh	vhigh	3	4	med	med	unacc
32	vhigh	vhigh	3	2	med	high	unacc
1462	low	high	4	2	med	med	unacc
664	high	med	2	4	big	med	acc
757	high	low	2	2	small	med	unacc
650	high	med	2	2	small	high	unacc
1495	low	high	5more	4	small	med	acc
847	high	low	5more	4	small	med	unacc
269	vhigh	med	3	more	big	high	acc
437	high	vhigh	2	2	med	high	unacc
1249	med	low	4	2	big	med	unacc
1445	low	high	3	4	med	high	acc
969	med	vhigh	5more	more	big	low	unacc
600	high	high	4	2	big	low	unacc
194	vhigh	high	5more	2	med	high	unacc
1327	low	vhigh	3	2	med	med	unacc
1465	low	high	4	2	big	med	unacc
633	high	high	5more	4	med	low	unacc
570	high	high	3	2	med	low	unacc
1482	low	high	4	more	big	low	unacc
1094	med	med	2	4	med	high	acc
412	vhigh	low	5more	2	big	med	unacc
1196	med	low	2	2	big	high	unacc
395	vhigh	low	4	4	big	high	acc
41	vhigh	vhigh	3	4	med	high	unacc
108	vhigh	high	2	2	small	low	unacc
883	med	vhigh	2	more	small	med	unacc
81	vhigh	vhigh	5more	2	small	low	unacc
1343	low	vhigh	3	more	small	high	acc
99	vhigh	vhigh	5more	more	small	low	unacc
1485	low	high	5more	2	small	low	unacc
1279	med	low	5more	4	small	med	acc
1178	med	med	5more	4	big	high	vgood
258	vhigh	med	3	4	big	low	unacc
453	high	vhigh	2	more	med	low	unacc
624	high	high	5more	2	med	low	unacc
1450	low	high	3	more	small	med	acc
490	high	vhigh	4	2	med	med	unacc
296	vhigh	med	4	more	big	high	acc
696	high	med	3	more	med	low	unacc
479	high	vhigh	3	more	small	high	unacc
1487	low	high	5more	2	small	high	unacc
747	high	med	5more	more	small	low	unacc
895	med	vhigh	3	2	med	med	unacc
198	vhigh	high	5more	4	small	low	unacc
1505	low	high	5more	more	small	high	acc
236	vhigh	med	2	more	small	high	unacc
1624	low	low	2	2	med	med	unacc
773	high	low	2	4	big	high	acc
1607	low	med	5more	4	med	high	vgood
592	high	high	3	more	big	med	acc
1036	med	high	4	4	small	med	unacc
469	high	vhigh	3	4	small	med	unacc
205	vhigh	high	5more	4	big	med	unacc
411	vhigh	low	5more	2	big	low	unacc
1277	med	low	5more	2	big	high	unacc
69	vhigh	vhigh	4	4	big	low	unacc
1221	med	low	3	2	big	low	unacc
281	vhigh	med	4	4	small	high	acc
817	high	low	4	2	big	med	unacc
1542	low	med	3	2	med	low	unacc
518	high	vhigh	5more	2	med	high	unacc
330	vhigh	low	2	2	big	low	unacc
487	high	vhigh	4	2	small	med	unacc
434	high	vhigh	2	2	small	high	unacc
1467	low	high	4	4	small	low	unacc
1623	low	low	2	2	med	low	unacc
944	med	vhigh	4	more	big	high	acc
326	vhigh	low	2	2	small	high	unacc
1171	med	med	5more	4	small	med	acc
1080	med	med	2	2	small	low	unacc
1722	low	low	5more	more	med	low	unacc
656	high	med	2	2	big	high	unacc
878	med	vhigh	2	4	med	high	acc
546	high	high	2	2	big	low	unacc
164	vhigh	high	4	2	small	high	unacc
245	vhigh	med	3	2	small	high	unacc
465	high	vhigh	3	2	big	low	unacc
1061	med	high	5more	2	big	high	unacc
1535	low	med	2	more	med	high	good
297	vhigh	med	5more	2	small	low	unacc
859	high	low	5more	more	med	med	acc
491	high	vhigh	4	2	med	high	unacc
1283	med	low	5more	4	med	high	vgood
143	vhigh	high	3	2	big	high	unacc
342	vhigh	low	2	more	small	low	unacc
1422	low	high	2	more	small	low	unacc
992	med	high	2	more	small	high	unacc
1579	low	med	4	4	med	med	good
537	high	vhigh	5more	more	big	low	unacc
217	vhigh	med	2	2	small	med	unacc
1067	med	high	5more	4	med	high	acc
1000	med	high	3	2	small	med	unacc
1645	low	low	2	more	big	med	good
754	high	med	5more	more	big	med	acc
1303	low	vhigh	2	2	big	med	unacc
512	high	vhigh	4	more	big	high	unacc
599	high	high	4	2	med	high	unacc
1663	low	low	3	4	big	med	good
562	high	high	2	more	med	med	unacc
1396	low	vhigh	5more	more	small	med	unacc
553	high	high	2	4	med	med	unacc
1374	low	vhigh	4	more	big	low	unacc
110	vhigh	high	2	2	small	high	unacc
805	high	low	3	more	med	med	acc
1082	med	med	2	2	small	high	unacc
1053	med	high	5more	2	small	low	unacc
339	vhigh	low	2	4	big	low	unacc
800	high	low	3	4	big	high	acc
458	high	vhigh	2	more	big	high	unacc
1426	low	high	2	more	med	med	acc
1288	med	low	5more	more	small	med	acc
331	vhigh	low	2	2	big	med	unacc
1207	med	low	2	more	small	med	unacc
1077	med	high	5more	more	big	low	unacc
559	high	high	2	more	small	med	unacc
824	high	low	4	4	med	high	acc
172	vhigh	high	4	4	small	med	unacc
844	high	low	5more	2	big	med	unacc
1285	med	low	5more	4	big	med	good
1693	low	low	4	more	small	med	acc
1719	low	low	5more	more	small	low	unacc
1033	med	high	4	2	big	med	unacc
1210	med	low	2	more	med	med	acc
1145	med	med	4	4	small	high	acc
1126	med	med	3	more	small	med	acc
1440	low	high	3	4	small	low	unacc
1444	low	high	3	4	med	med	acc
1244	med	low	4	2	small	high	unacc
409	vhigh	low	5more	2	med	med	unacc
1383	low	vhigh	5more	2	big	low	unacc
59	vhigh	vhigh	4	2	med	high	unacc
98	vhigh	vhigh	5more	4	big	high	unacc
947	med	vhigh	5more	2	small	high	unacc
889	med	vhigh	2	more	big	med	acc
1554	low	med	3	4	big	low	unacc
1710	low	low	5more	4	small	low	unacc
20	vhigh	vhigh	2	more	small	high	unacc
1198	med	low	2	4	small	med	acc
975	med	high	2	2	med	low	unacc
1576	low	med	4	4	small	med	acc
263	vhigh	med	3	more	small	high	acc
596	high	high	4	2	small	high	unacc
1197	med	low	2	4	small	low	unacc
625	high	high	5more	2	med	med	unacc
727	high	med	4	more	big	med	acc
1651	low	low	3	2	med	med	unacc
1384	low	vhigh	5more	2	big	med	unacc
1124	med	med	3	4	big	high	vgood
424	vhigh	low	5more	more	small	med	unacc
140	vhigh	high	3	2	med	high	unacc
881	med	vhigh	2	4	big	high	acc
387	vhigh	low	4	4	small	low	unacc
1721	low	low	5more	more	small	high	good
937	med	vhigh	4	more	small	med	unacc
618	high	high	4	more	big	low	unacc
1695	low	low	4	more	med	low	unacc
603	high	high	4	4	small	low	unacc
1538	low	med	2	more	big	high	vgood
289	vhigh	med	4	more	small	med	unacc
1262	med	low	4	more	small	high	good
1116	med	med	3	4	small	low	unacc
1088	med	med	2	2	big	high	unacc
609	high	high	4	4	big	low	unacc
689	high	med	3	4	med	high	acc
1292	med	low	5more	more	med	high	vgood
63	vhigh	vhigh	4	4	small	low	unacc
1481	low	high	4	more	med	high	vgood
1087	med	med	2	2	big	med	unacc
994	med	high	2	more	med	med	unacc
1045	med	high	4	more	small	med	unacc
1337	low	vhigh	3	4	med	high	acc
400	vhigh	low	4	more	med	med	acc
1224	med	low	3	4	small	low	unacc
277	vhigh	med	4	2	big	med	unacc
94	vhigh	vhigh	5more	4	med	med	unacc
1220	med	low	3	2	med	high	unacc
884	med	vhigh	2	more	small	high	unacc
348	vhigh	low	2	more	big	low	unacc
1359	low	vhigh	4	4	small	low	unacc
414	vhigh	low	5more	4	small	low	unacc
810	high	low	4	2	small	low	unacc
1355	low	vhigh	4	2	med	high	unacc
265	vhigh	med	3	more	med	med	acc
566	high	high	2	more	big	high	acc
1297	low	vhigh	2	2	small	med	unacc
365	vhigh	low	3	4	med	high	acc
251	vhigh	med	3	2	big	high	unacc
1317	low	vhigh	2	more	med	low	unacc
167	vhigh	high	4	2	med	high	unacc
58	vhigh	vhigh	4	2	med	med	unacc
1583	low	med	4	4	big	high	vgood
295	vhigh	med	4	more	big	med	acc
1717	low	low	5more	4	big	med	good
1430	low	high	2	more	big	high	vgood
368	vhigh	low	3	4	big	high	acc
1018	med	high	3	more	small	med	unacc
841	high	low	5more	2	med	med	unacc
1345	low	vhigh	3	more	med	med	acc
372	vhigh	low	3	more	med	low	unacc
1540	low	med	3	2	small	med	unacc
64	vhigh	vhigh	4	4	small	med	unacc
1079	med	high	5more	more	big	high	acc
1555	low	med	3	4	big	med	good
697	high	med	3	more	med	med	acc
685	high	med	3	4	small	med	unacc
527	high	vhigh	5more	4	med	high	unacc
435	high	vhigh	2	2	med	low	unacc
1253	med	low	4	4	small	high	good
393	vhigh	low	4	4	big	low	unacc
528	high	vhigh	5more	4	big	low	unacc
642	high	high	5more	more	med	low	unacc
268	vhigh	med	3	more	big	med	acc
874	med	vhigh	2	4	small	med	unacc
680	high	med	3	2	med	high	unacc
218	vhigh	med	2	2	small	high	unacc
885	med	vhigh	2	more	med	low	unacc
628	high	high	5more	2	big	med	unacc
1147	med	med	4	4	med	med	acc
1073	med	high	5more	more	small	high	acc
1209	med	low	2	more	med	low	unacc
710	high	med	4	2	big	high	unacc
1296	low	vhigh	2	2	small	low	unacc
740	high	med	5more	4	small	high	acc
1071	med	high	5more	more	small	low	unacc
1561	low	med	3	more	med	med	good
1397	low	vhigh	5more	more	small	high	acc
725	high	med	4	more	med	high	acc
54	vhigh	vhigh	4	2	small	low	unacc
193	vhigh	high	5more	2	med	med	unacc
1563	low	med	3	more	big	low	unacc
1304	low	vhigh	2	2	big	high	unacc
1584	low	med	4	more	small	low	unacc
132	vhigh	high	2	more	big	low	unacc
1189	med	low	2	2	small	med	unacc
1399	low	vhigh	5more	more	med	med	acc
1428	low	high	2	more	big	low	unacc
1192	med	low	2	2	med	med	unacc
1020	med	high	3	more	med	low	unacc
879	med	vhigh	2	4	big	low	unacc
75	vhigh	vhigh	4	more	med	low	unacc
216	vhigh	med	2	2	small	low	unacc
1152	med	med	4	more	small	low	unacc
737	high	med	5more	2	big	high	unacc
1479	low	high	4	more	med	low	unacc
288	vhigh	med	4	more	small	low	unacc
703	high	med	4	2	small	med	unacc
72	vhigh	vhigh	4	more	small	low	unacc
1558	low	med	3	more	small	med	acc
750	high	med	5more	more	med	low	unacc
1700	low	low	4	more	big	high	vgood
783	high	low	3	2	small	low	unacc
345	vhigh	low	2	more	med	low	unacc
1662	low	low	3	4	big	low	unacc
756	high	low	2	2	small	low	unacc
197	vhigh	high	5more	2	big	high	unacc
550	high	high	2	4	small	med	unacc
1173	med	med	5more	4	med	low	unacc
821	high	low	4	4	small	high	acc
1326	low	vhigh	3	2	med	low	unacc
105	vhigh	vhigh	5more	more	big	low	unacc
88	vhigh	vhigh	5more	2	big	med	unacc
1378	low	vhigh	5more	2	small	med	unacc
1273	med	low	5more	2	med	med	unacc
31	vhigh	vhigh	3	2	med	med	unacc
701	high	med	3	more	big	high	acc
946	med	vhigh	5more	2	small	med	unacc
619	high	high	4	more	big	med	acc
285	vhigh	med	4	4	big	low	unacc
1029	med	high	4	2	med	low	unacc
392	vhigh	low	4	4	med	high	acc
359	vhigh	low	3	2	big	high	unacc
485	high	vhigh	3	more	big	high	unacc
726	high	med	4	more	big	low	unacc
402	vhigh	low	4	more	big	low	unacc
813	high	low	4	2	med	low	unacc
1154	med	med	4	more	small	high	acc
1238	med	low	3	more	med	high	vgood
1013	med	high	3	4	med	high	acc
522	high	vhigh	5more	4	small	low	unacc
846	high	low	5more	4	small	low	unacc
1684	low	low	4	4	small	med	acc
49	vhigh	vhigh	3	more	med	med	unacc
1668	low	low	3	more	med	low	unacc
1514	low	med	2	2	small	high	unacc
1162	med	med	5more	2	small	med	unacc
33	vhigh	vhigh	3	2	big	low	unacc
632	high	high	5more	4	small	high	acc
1474	low	high	4	4	big	med	acc
1489	low	high	5more	2	med	med	unacc
1339	low	vhigh	3	4	big	med	acc
340	vhigh	low	2	4	big	med	acc
722	high	med	4	more	small	high	acc
1552	low	med	3	4	med	med	acc
157	vhigh	high	3	more	med	med	unacc
317	vhigh	med	5more	more	small	high	acc
1084	med	med	2	2	med	med	unacc
44	vhigh	vhigh	3	4	big	high	unacc
83	vhigh	vhigh	5more	2	small	high	unacc
1321	low	vhigh	2	more	big	med	acc
763	high	low	2	2	big	med	unacc
1025	med	high	3	more	big	high	acc
270	vhigh	med	4	2	small	low	unacc
571	high	high	3	2	med	med	unacc
1226	med	low	3	4	small	high	good
1697	low	low	4	more	med	high	vgood
1619	low	med	5more	more	big	high	vgood
309	vhigh	med	5more	4	med	low	unacc
640	high	high	5more	more	small	med	unacc
1233	med	low	3	more	small	low	unacc
802	high	low	3	more	small	med	unacc
1050	med	high	4	more	big	low	unacc
104	vhigh	vhigh	5more	more	med	high	unacc
1022	med	high	3	more	med	high	acc
1325	low	vhigh	3	2	small	high	unacc
279	vhigh	med	4	4	small	low	unacc
607	high	high	4	4	med	med	acc
1625	low	low	2	2	med	high	unacc
541	high	high	2	2	small	med	unacc
301	vhigh	med	5more	2	med	med	unacc
1435	low	high	3	2	med	med	unacc
430	vhigh	low	5more	more	big	med	acc
1633	low	low	2	4	med	med	acc
1643	low	low	2	more	med	high	good
952	med	vhigh	5more	2	big	med	unacc
452	high	vhigh	2	more	small	high	unacc
1105	med	med	2	more	big	med	acc
1660	low	low	3	4	med	med	acc
391	vhigh	low	4	4	med	med	acc
782	high	low	2	more	big	high	acc
1714	low	low	5more	4	med	med	good
856	high	low	5more	more	small	med	unacc
1647	low	low	3	2	small	low	unacc
704	high	med	4	2	small	high	unacc
1157	med	med	4	more	med	high	vgood
293	vhigh	med	4	more	med	high	acc
404	vhigh	low	4	more	big	high	acc
1114	med	med	3	2	big	med	unacc
1148	med	med	4	4	med	high	vgood
220	vhigh	med	2	2	med	med	unacc
122	vhigh	high	2	4	med	high	unacc
1429	low	high	2	more	big	med	acc
850	high	low	5more	4	med	med	acc
1311	low	vhigh	2	4	big	low	unacc
875	med	vhigh	2	4	small	high	acc
1191	med	low	2	2	med	low	unacc
1368	low	vhigh	4	more	small	low	unacc
112	vhigh	high	2	2	med	med	unacc
1113	med	med	3	2	big	low	unacc
1330	low	vhigh	3	2	big	med	unacc
1361	low	vhigh	4	4	small	high	acc
204	vhigh	high	5more	4	big	low	unacc
1696	low	low	4	more	med	med	good
1433	low	high	3	2	small	high	unacc
1458	low	high	4	2	small	low	unacc
1547	low	med	3	2	big	high	unacc
419	vhigh	low	5more	4	med	high	acc
1553	low	med	3	4	med	high	good
150	vhigh	high	3	4	big	low	unacc
222	vhigh	med	2	2	big	low	unacc
741	high	med	5more	4	med	low	unacc
1716	low	low	5more	4	big	low	unacc
93	vhigh	vhigh	5more	4	med	low	unacc
313	vhigh	med	5more	4	big	med	acc
1366	low	vhigh	4	4	big	med	acc
408	vhigh	low	5more	2	med	low	unacc
1626	low	low	2	2	big	low	unacc
1264	med	low	4	more	med	med	good
189	vhigh	high	5more	2	small	low	unacc
1476	low	high	4	more	small	low	unacc
860	high	low	5more	more	med	high	acc
774	high	low	2	more	small	low	unacc
1242	med	low	4	2	small	low	unacc
1140	med	med	4	2	big	low	unacc
89	vhigh	vhigh	5more	2	big	high	unacc
361	vhigh	low	3	4	small	med	unacc
1409	low	high	2	2	med	high	unacc
420	vhigh	low	5more	4	big	low	unacc
1676	low	low	4	2	small	high	unacc
1100	med	med	2	more	small	high	unacc
211	vhigh	high	5more	more	med	med	unacc
1601	low	med	5more	2	big	high	unacc
87	vhigh	vhigh	5more	2	big	low	unacc
262	vhigh	med	3	more	small	med	unacc
26	vhigh	vhigh	2	more	big	high	unacc
470	high	vhigh	3	4	small	high	unacc
743	high	med	5more	4	med	high	acc
34	vhigh	vhigh	3	2	big	med	unacc
1332	low	vhigh	3	4	small	low	unacc
1656	low	low	3	4	small	low	unacc
225	vhigh	med	2	4	small	low	unacc
1136	med	med	4	2	small	high	unacc
1638	low	low	2	more	small	low	unacc
191	vhigh	high	5more	2	small	high	unacc
286	vhigh	med	4	4	big	med	acc
545	high	high	2	2	med	high	unacc
830	high	low	4	more	small	high	acc
283	vhigh	med	4	4	med	med	acc
1398	low	vhigh	5more	more	med	low	unacc
1237	med	low	3	more	med	med	good
1076	med	high	5more	more	med	high	acc
473	high	vhigh	3	4	med	high	unacc
1074	med	high	5more	more	med	low	unacc
1683	low	low	4	4	small	low	unacc
376	vhigh	low	3	more	big	med	acc
670	high	med	2	more	med	med	unacc
579	high	high	3	4	med	low	unacc
831	high	low	4	more	med	low	unacc
1664	low	low	3	4	big	high	vgood
1075	med	high	5more	more	med	med	acc
482	high	vhigh	3	more	med	high	unacc
1646	low	low	2	more	big	high	vgood
681	high	med	3	2	big	low	unacc
1208	med	low	2	more	small	high	unacc
1634	low	low	2	4	med	high	good
324	vhigh	low	2	2	small	low	unacc
745	high	med	5more	4	big	med	acc
692	high	med	3	4	big	high	acc
1592	low	med	4	more	big	high	vgood
200	vhigh	high	5more	4	small	high	unacc
899	med	vhigh	3	2	big	high	unacc
731	high	med	5more	2	small	high	unacc
1597	low	med	5more	2	med	med	unacc
1503	low	high	5more	more	small	low	unacc
610	high	high	4	4	big	med	acc
1187	med	med	5more	more	big	high	vgood
1490	low	high	5more	2	med	high	unacc
1589	low	med	4	more	med	high	vgood
328	vhigh	low	2	2	med	med	unacc
1565	low	med	3	more	big	high	vgood
720	high	med	4	more	small	low	unacc
1679	low	low	4	2	med	high	unacc
1534	low	med	2	more	med	med	acc
1705	low	low	5more	2	med	med	unacc
351	vhigh	low	3	2	small	low	unacc
451	high	vhigh	2	more	small	med	unacc
1469	low	high	4	4	small	high	acc
834	high	low	4	more	big	low	unacc
1099	med	med	2	more	small	med	unacc
1501	low	high	5more	4	big	med	acc
626	high	high	5more	2	med	high	unacc
66	vhigh	vhigh	4	4	med	low	unacc
52	vhigh	vhigh	3	more	big	med	unacc
811	high	low	4	2	small	med	unacc
1567	low	med	4	2	small	med	unacc
144	vhigh	high	3	4	small	low	unacc
405	vhigh	low	5more	2	small	low	unacc
1453	low	high	3	more	med	med	acc
213	vhigh	high	5more	more	big	low	unacc
588	high	high	3	more	med	low	unacc
1392	low	vhigh	5more	4	big	low	unacc
988	med	high	2	4	big	med	acc
525	high	vhigh	5more	4	med	low	unacc
506	high	vhigh	4	more	small	high	unacc
291	vhigh	med	4	more	med	low	unacc
769	high	low	2	4	med	med	unacc
260	vhigh	med	3	4	big	high	acc
907	med	vhigh	3	4	big	med	acc
1166	med	med	5more	2	med	high	unacc
1228	med	low	3	4	med	med	acc
1135	med	med	4	2	small	med	unacc
1202	med	low	2	4	med	high	good
1163	med	med	5more	2	small	high	unacc
663	high	med	2	4	big	low	unacc
388	vhigh	low	4	4	small	med	unacc
825	high	low	4	4	big	low	unacc
1456	low	high	3	more	big	med	acc
1186	med	med	5more	more	big	med	acc
733	high	med	5more	2	med	med	unacc
1165	med	med	5more	2	med	med	unacc
1377	low	vhigh	5more	2	small	low	unacc
1089	med	med	2	4	small	low	unacc
1180	med	med	5more	more	small	med	acc
448	high	vhigh	2	4	big	med	unacc
325	vhigh	low	2	2	small	med	unacc
1026	med	high	4	2	small	low	unacc
250	vhigh	med	3	2	big	med	unacc
335	vhigh	low	2	4	small	high	acc
242	vhigh	med	2	more	big	high	acc
694	high	med	3	more	small	med	unacc
1357	low	vhigh	4	2	big	med	unacc
849	high	low	5more	4	med	low	unacc
963	med	vhigh	5more	more	small	low	unacc
308	vhigh	med	5more	4	small	high	acc
871	med	vhigh	2	2	big	med	unacc
431	vhigh	low	5more	more	big	high	acc
848	high	low	5more	4	small	high	acc
799	high	low	3	4	big	med	acc
1364	low	vhigh	4	4	med	high	acc
1488	low	high	5more	2	med	low	unacc
808	high	low	3	more	big	med	acc
1137	med	med	4	2	med	low	unacc
55	vhigh	vhigh	4	2	small	med	unacc
43	vhigh	vhigh	3	4	big	med	unacc
332	vhigh	low	2	2	big	high	unacc
1227	med	low	3	4	med	low	unacc
861	high	low	5more	more	big	low	unacc
493	high	vhigh	4	2	big	med	unacc
1130	med	med	3	more	med	high	vgood
582	high	high	3	4	big	low	unacc
1577	low	med	4	4	small	high	good
484	high	vhigh	3	more	big	med	unacc
1169	med	med	5more	2	big	high	unacc
175	vhigh	high	4	4	med	med	unacc
1498	low	high	5more	4	med	med	acc
1530	low	med	2	more	small	low	unacc
1236	med	low	3	more	med	low	unacc
29	vhigh	vhigh	3	2	small	high	unacc
1313	low	vhigh	2	4	big	high	acc
338	vhigh	low	2	4	med	high	acc
116	vhigh	high	2	2	big	high	unacc
235	vhigh	med	2	more	small	med	unacc
555	high	high	2	4	big	low	unacc
578	high	high	3	4	small	high	acc
1190	med	low	2	2	small	high	unacc
1648	low	low	3	2	small	med	unacc
755	high	med	5more	more	big	high	acc
917	med	vhigh	3	more	big	high	acc
1560	low	med	3	more	med	low	unacc
1276	med	low	5more	2	big	med	unacc
401	vhigh	low	4	more	med	high	acc
1049	med	high	4	more	med	high	acc
1139	med	med	4	2	med	high	unacc
709	high	med	4	2	big	med	unacc
468	high	vhigh	3	4	small	low	unacc
1387	low	vhigh	5more	4	small	med	unacc
1081	med	med	2	2	small	med	unacc
1618	low	med	5more	more	big	med	good
1466	low	high	4	2	big	high	unacc
645	high	high	5more	more	big	low	unacc
257	vhigh	med	3	4	med	high	acc
915	med	vhigh	3	more	big	low	unacc
612	high	high	4	more	small	low	unacc
880	med	vhigh	2	4	big	med	acc
152	vhigh	high	3	4	big	high	unacc
428	vhigh	low	5more	more	med	high	acc
867	med	vhigh	2	2	med	low	unacc
12	vhigh	vhigh	2	4	med	low	unacc
845	high	low	5more	2	big	high	unacc
161	vhigh	high	3	more	big	high	unacc
1098	med	med	2	more	small	low	unacc
244	vhigh	med	3	2	small	med	unacc
230	vhigh	med	2	4	med	high	acc
38	vhigh	vhigh	3	4	small	high	unacc
621	high	high	5more	2	small	low	unacc
1720	low	low	5more	more	small	med	acc
1289	med	low	5more	more	small	high	good
1282	med	low	5more	4	med	med	good
181	vhigh	high	4	more	small	med	unacc
481	high	vhigh	3	more	med	med	unacc
542	high	high	2	2	small	high	unacc
307	vhigh	med	5more	4	small	med	unacc
1307	low	vhigh	2	4	small	high	acc
163	vhigh	high	4	2	small	med	unacc
303	vhigh	med	5more	2	big	low	unacc
1203	med	low	2	4	big	low	unacc
877	med	vhigh	2	4	med	med	unacc
707	high	med	4	2	med	high	unacc
1725	low	low	5more	more	big	low	unacc
580	high	high	3	4	med	med	unacc
719	high	med	4	4	big	high	acc
1306	low	vhigh	2	4	small	med	unacc
360	vhigh	low	3	4	small	low	unacc
173	vhigh	high	4	4	small	high	unacc
229	vhigh	med	2	4	med	med	unacc
1229	med	low	3	4	med	high	good
833	high	low	4	more	med	high	acc
135	vhigh	high	3	2	small	low	unacc
950	med	vhigh	5more	2	med	high	unacc
794	high	low	3	4	small	high	acc
1320	low	vhigh	2	more	big	low	unacc
